review_text,rating,reviewer_name,sentiment,scrape_timestamp
This company has contacted me and apologized for the difficulty I had with Loomis and delivery of my part. They have credited me with my shipping charges and have offered their deepest regrets with what I have gone through.,5,Teresa,Negative,1745120647.7703402
"Great variety of parts, had exactly what I needed and the part s great quality.",5,Muhammad Rafay Bhinder,Positive,1745120647.770499
Ordered a part online on March 30th. Received an email on April 1 saying it was shipped.April Fools!Called on April 9th. ‚ÄúOh David I‚Äôve tried to call you many times and also emailed you but you haven‚Äôt responded.‚Äù‚ÄúWell I‚Äôm calling you from the phone you say you called and I only see the email falsely claiming that the product was shipped. I only live 4 hours away so I figured it would have arrived by now.‚Äù‚ÄúIt appears that it is backordered so we will have to contact the manufacturer. It will probably be 3-4 weeks.‚ÄùParts of Canada sits on a throne of lies.,1,David Donaldson,Positive,1745120647.771049
"Ordered a part through eBay listed with the part number.  I received and is not the correct part, but this seller listed as so, and stated no refunds.  I wrote a negative review.  A company employee contacted me to change my review and would refund my purchase price. I did change and wrote a generic review.  Since then, seller cannot be contacted, of course!  Research company on Canada BBB!",1,Paul Witscheber,Negative,1745120647.771465
Purchased a replacement igniter for my gas Samsung oven. The part came well packaged and undamaged. Installed in less than 10 minutes and my oven works like new.,5,Andrew Vindini,Negative,1745120647.7716942
This company is the worst. Their customer service is horrible. No one returns your emails. No one wants to listen to what you're saying. If you notice they don't even have Google reviews because they don't even want to be on google. All their reviews on here that are good are  fake. Go to Reddit and look at their reviews there. Stay far away from this company. I bought an inverter board from them and it was worse than the one I was replacing. They kept telling me that I have to bring a professional to look at the refrigerator. However they didn't realize that I'm the one fixing the refrigerator and told them that this innverter board is giving me a problem. As soon as I bought a used one which was OEM for that refrigerator my refrigerator worked perfectly. They did not want to make good for the part,1,John Davis,Negative,1745120647.7723908
"I supplied the model number for my dishwasher and they determined which part I needed. I received it promptly, opened the box and immediately determined that it was the wrong part. I did not try to install it as it was obvious that it was wrong. I put it back in the box that it came in and paid the shipping fee to return it within two days of receiving it. This is their response‚Ä¶We regret to inform you that our supplier has rejected the return of the item because it was received without its original box. As stated in our return policy, all returns must include the original packaging.Unfortunately, without the original box, we cannot proceed with the refund. We understand this may cause inconvenience, and we appreciate your cooperation.If you can provide the original box, Once we receive the original box, we will promptly process your refund.Thank you for your understanding.I have responded twice and got the same seemingly automated response. Totally unacceptable!!!",1,Mike Boehm,Positive,1745120647.773036
"I ordered a part for my refrigerator, it did come on time and working fine.",5,Sagarkumar vijay kumar patel,Positive,1745120647.773164
Despite a back order right after I ordered. They called to verify and still had parts within a week.  Would buy from them again for sure.,5,Tristan Dietrich,Positive,1745120647.7733572
Ordered drain pump for my GE washing machine.  It came within the week.  It worked perfectly.,5,Sharon,Positive,1745120647.773525
"See my review from October of 2024. I sent back the original part which they sent me in error. I was assured I would get a refund for their error. Not only did they not refund my money, they kept the new part I sent back. They said it was not returned in the original box. Really?This company stole my money. Do not do business with them!!!",1,Steve Corich,Positive,1745120648
Good product,5,Ben,Positive,1745120647.774025
Great company to deal with. Part came in a timely manner and works as expected.Would buy parts here again.,5,Paula Paradis,Positive,1745120647.774174
"I just got your e-mail asking for an honest review of my experience working with your company.The initial reason for my contact was to find a part for my DCS Fisher Pakyel . I‚Äôve had very little luck finding a company in the USA that had the right part or , as in the case of most the ones I actually talked to knew anything about what I needed . Your on line parts catalog had the right part that had a number different catalog number then the one I had, but it said it would also work.So I bought it. The part was delivered quicker than I expected and worked great. I think you‚Äôll have more of my business should anything else go wrong, not only with my range but  any other appliance . I noticed you had many parts for a variety of appliances.Thanks again Leo Brady",4,Leo Brady,Positive,1745120647.774645
"I ordered a part, clearly identify with the parts number and the spec, they shipped me a completly different parts with different specs, and after that, they want me to pay for returning the wrong part, that they shipped. all that i wanted is exchange the part for the good one, for my refrigerator and they doesn't seem to matter, i'v been waiting for a week and still no solution, by the way its a refrigerator part...orderd the part two weeks ago, imagine and still the fridge is unusable...and they say""""SATISFACTION GUARANTEEDHassle-Free Return Policy"""" what a joke.",1,martial morin,Positive,1745120647.7749891
"Great customer service! They were fast, efficient and very kind. Return calls were also fast.",4,M. Wiebe,Positive,1745120647.7751591
"After a long search, I finally find the part for my oven at Parts Of canada website, original part, good price, easy online purchase and, quick delivery ! great service !",5,Bassem NAFFETI,Positive,1745120647.7753348
,5,Derek Bosche,Neutral,1745120647.775412
"I had my Bosch refrigerator not working. I ordered the Inverter Board, which came earlier than the expected delivery time. Got replaced and my refrigerator is so far working good.",5,M H,Positive,1745120647.775608
Received parts quickly and were just what I needed great ++ good service,5,Ed,Positive,1745120647.775723
"Order process was easy and dryer heating element was shipped/received on time. However, element burned out again within a couple of months. Not sure if the element was faulty or if another dryer component caused the element to burn out. Cant confirm as I purchased a new dryer. Would still order from Parts of Canada.",4,Chester wojciechowski,Positive,1745120653.639474
"I ordered a replacement drawer for my fridge, and it‚Äôs perfect. It slides smoothly and matches the rest of the fridge‚Äôs look. Makes organizing so much easier, I wish I‚Äôd ordered it sooner.",5,Emma F,Positive,1745120653.6397529
"I broke a fridge shelf and was worried I wouldn‚Äôt find a replacement that fit. Luckily, this one fit perfectly and even looks better than the original. Now I can actually organize my fridge again without stuff falling out.",4,Carter Wentworth,Positive,1745120653.640009
"Tracking my package was simple, and I got regular updates. It showed up exactly when it said it would, which was a nice surprise.",5,Noah,Positive,1745120653.640199
The vent kit for my dryer was exactly what I needed. It was easy to install and seems to have improved airflow a lot. Dryer‚Äôs running quieter and more efficiently now.,4,HL,Positive,1745120653.6404321
"The soap dispenser in my dishwasher had stopped opening, and it was driving me nuts. I ordered a replacement from this site, and it works flawlessly. I‚Äôve run about 10 cycles since, and no issues at all.",5,Scarlett B,Positive,1745120653.6406999
"The ice maker in my fridge died, and I almost gave up on fixing it. Decided to try the replacement kit, and I‚Äôm so glad I did. Installation took a little patience, but now I have ice on demand again.",5,Matthew Ravenwood,Positive,1745120653.640954
,5,adrian stagg,Neutral,1745120653.641043
"I bought a control board for my Kitchenaid oven.  I couldn't find this part anywhere else.  The price was fair, the delivery was in the estimated timeframe, and the part works perfectly.  This saved me the cost of a new oven, fantastic!",5,Todd Cicchi,Positive,1745120654
"I had no idea how to install a new water pump, but their step-by-step guide saved me. It made the whole process way easier than I expected.",4,Sophia,Positive,1745120653.641494
"This supplier has never let me down when I need parts for my repair jobs. Orders are accurate, and the parts work every time. My clients appreciate how quickly I can get their appliances running again. It‚Äôs a trustworthy resource for my business.",4,ZG,Positive,1745120654
"One of the parts I needed wasn‚Äôt available right away, so I signed up for a restock alert. Got notified quickly, and the ordering process was smooth.",5,Hannah W,Positive,1745120653.641979
"My dishwasher was on its last leg, but replacing a few parts brought it back to life. It‚Äôs so satisfying to fix something instead of throwing it away. The drain pump I ordered worked great and was easy to install. Definitely worth the effort to repair instead of replace.",5,Elijah Quimble,Positive,1745120653.642259
"My order was missing a small piece, but they shipped it out right away. No fuss and no extra charges, which was nice.",5,Oliver,Positive,1745120653.642439
Good product Detail is good on site Work perfectelyFast shipping,5,Benjamin Desormeaux,Positive,1745120653.642555
I ordered 4 compressors for my h√¥tel referigerators. they work very good now.,4,Raja Husseini,Positive,1745120653.642695
fast shipinggood pricefor $ 200 we save 12 yr old fridgenew one cost $3000+ and is low quality,5,Grzegorz Skalka,Positive,1745120653.642829
"Easily found the part, order was processed and delivered promptly, stock was clean, instructions were easy, now stove works like new",5,Dominic Leblanc,Positive,1745120653.6429608
Good service ! Fast and easy process!,5,Danph,Positive,1745120653.6430871
I ordered Solenoid ball from Parts of Canada. Service was amazing. Part got delivered in time. The Customer service is exceptional.,5,muhammad,Positive,1745120653.643284
"The glass shelf I ordered for my fridge came well-wrapped and in perfect condition. It‚Äôs always nerve-wracking ordering fragile items, but they did a great job.",4,KT,Positive,1745120659.4720042
"Used the chat feature to ask about part compatibility, and I got an answer in just a few minutes. It saved me a lot of time compared to guessing on my own.",5,Lucas Hollis,Positive,1745120659.4722219
"The replacement ice maker I ordered works like a dream. It‚Äôs a bit louder than the original, but I‚Äôm just happy to have ice again. Installation wasn‚Äôt bad, even for someone like me with no handyman skills.",5,Ava,Positive,1745120659.472482
"Wasn‚Äôt sure I could handle replacing the agitator myself, but it turned out to be really straightforward. The part worked perfectly, and my clothes actually come out cleaner now. Only downside was the shipping took a couple of extra days.",4,Grace M,Positive,1745120659.472735
"Finally replaced the torn lint filter in my dryer. The new one fits snugly and does a better job catching debris. Dryer works way better now, and I feel like it‚Äôs safer too.",5,Logan Packard,Positive,1745120659.472966
"I swapped out the old, clogged spray arm on my dishwasher for a new one from Parts of Canada Ltd. It was simple to install, and the difference was immediate. My dishes come out sparkling clean now, even the hard-to-reach spots.",4,Liam,Positive,1745120659.473304
Needed a new circuit board for the compressor on our Bosch fridge.So happy they had the right one cause our fridge is a bit older. The order was here rather quickly!! Glad we have a company like this that is so helpful !!!,5,Sheila Huckabay,Positive,1745120659.473612
"The soap dispenser in my dishwasher wasn‚Äôt opening, so I swapped it out for a new one. Works perfectly now, and installation wasn‚Äôt too bad. Hopefully, this one lasts longer than the original.",5,Chloe H,Positive,1745120659.473859
"Got a new lower rack for my old dishwasher, and I was surprised how easy it was to install. The replacement fits snugly and rolls smoother than the original. Now I don‚Äôt dread loading it up anymore.",5,Julian Windmere,Positive,1745120659.474093
"Replacing my dryer belt was harder than I thought. I didn‚Äôt realize I‚Äôd need specific tools, so it took longer than it should have. The part itself was perfect and worked great once I figured it out. Next time, I‚Äôll watch a video first.",5,Jack,Positive,1745120659.4743721
"My dishwasher stopped draining a few days before hosting a family dinner. I found the right pump here, and it shipped fast. Got it installed just in time, and it worked perfectly for the big day. Crisis averted, and I couldn‚Äôt be happier.",4,AC,Positive,1745120659.474645
"The video guide they provided made installing my dishwasher spray arm a breeze. I wasn‚Äôt sure I could handle it on my own, but it worked out great. The new arm sprays better than the old one ever did. I feel proud of fixing it myself.",4,Isabella O,Positive,1745120659.474924
"When my package didn‚Äôt arrive on time, they looked into it right away and sent me a new one. I appreciate how fast they took care of the problem.",5,Alexander Penrose,Positive,1745120659.475111
"It‚Äôs frustrating when parts for older appliances are hard to find, but they had the exact piece I needed. I‚Äôll definitely order here again for hard-to-find items.",4,Harper,Negative,1745120659.475306
"This site has become my go-to for all appliance repair parts. As a contractor, I need dependable suppliers, and they‚Äôve never let me down. Parts are always accurate, and shipping is consistent. It helps me keep my customers satisfied.",4,LN,Positive,1745120659.475573
"Shipping was quick, and my package showed up right on schedule. It‚Äôs nice not having to wait around wondering when it‚Äôll come.",4,Mia Y,Positive,1745120659.475759
"Replaced the belt on my dryer, and it‚Äôs running better than it has in years. It took some effort to get it installed, but the performance is solid now. Clothes come out completely dry every time, which is all I wanted.",5,Benjamin,Positive,1745120659.4759989
"They accidentally sent me the wrong item, but fixing it was easy. I got the correct part in just a few days after contacting them.",5,Scarlett D,Negative,1745120659.476162
Purchased GE Inverter control module. Excellent price and fairly easy plug and play install. Worked right away. Thanks.,5,Wil Assid,Positive,1745120659.476352
"I run a small repair business and often need multiple parts at once. The bulk ordering option here is a lifesaver. Pricing is fair, and everything usually ships out fast. It helps me keep my projects running smoothly.",4,Owen Holbrook,Positive,1745120659.476585
"No electrical components are returnable, a stipulation they bury in a bunch of boilerplate legalese.  When you try to return the part you get a bunch of Kabuki theater about ""why do you want to return it?"" and ""what condition is it in?"" when the reality is that it isn't returnable under any condition. Amazon for me from now on.",1,Michael Brown,Negative,1745120665.2300649
"Tracking updates were a bit delayed, so I wasn‚Äôt sure exactly when the part would show up. It did arrive on time, though, which is what mattered most.",4,Lily,Positive,1745120665.230291
"I was nervous about replacing the control board on my washer, but it went smoother than expected. The part came well-packaged and worked right out of the box. Saved me from having to buy a new machine, so I‚Äôm thrilled.",4,GC,Positive,1745120665
"I liked that the packaging included tips on recycling my old parts. It‚Äôs not something I‚Äôd thought about before, but it was easy to find a local drop-off spot. The new part worked perfectly, so I didn‚Äôt feel wasteful tossing the broken one. Little touches like this make a difference.",4,Abigail N,Positive,1745120665.2308521
"Replacing the belt in my washer was trickier than I thought. I had to watch a couple of videos to figure out how to get everything back in place. The part itself was great quality, though, and once it was in, the washer worked like new. I‚Äôll definitely take my time next time.",4,Ryan Haddington,Positive,1745120665.2311559
"Replaced the vent kit for my dryer, and it‚Äôs working better than before. Airflow improved so much that my clothes dry faster. Shipping was quick, and the part feels like good quality.",5,Ella,Positive,1745120665.231404
"I called to double-check the part I needed for my dryer, and the rep was super patient and knowledgeable. They even pointed out a more affordable option that worked perfectly.",5,ML,Positive,1745120665.231609
"I love that they carry parts for so many different brands, it‚Äôs like a one-stop shop. It makes it so much easier to get what I need without hunting around.",4,Olivia C,Positive,1745120665.231808
"The old timer knob on my dryer kept falling off, so I finally got a new one. This one feels more durable and stays in place like it should. It‚Äôs such a small thing, but it‚Äôs made laundry less annoying.",4,Julian Fenwick,Negative,1745120665.232048
"I was worried I‚Äôd order the wrong part, but the phone rep reassured me I was getting the right one. The help was much appreciated and saved me from a return.",4,James,Negative,1745120665.232243
"I‚Äôve had no complaints from clients about the parts I‚Äôve used from here. Repairs hold up well, even months later. It‚Äôs great to have a reliable source I can count on. Happy clients mean more business for me.",5,WD,Positive,1745120665.2325199
"I ordered several parts at once for a big project, and they all came together in one shipment. Everything was labeled clearly, which made my job easier. The quality of each part was top-notch. This supplier really helps me keep my business running.",5,Emily Z,Positive,1745120665.232803
"My washing machine was making a terrible noise during spin cycles, so I replaced the drum bearings. The difference is night and day, it‚Äôs so much quieter now. The process was a bit of a project, but the result is totally worth it.",4,Caleb Hatherly,Negative,1745120665.2330549
"Dishwasher wasn‚Äôt draining properly, so I replaced the drain pump. The part was a perfect fit, though the process of swapping it out was tricky. Now the dishwasher runs like new, no more water pooling at the bottom.",4,Zoe,Positive,1745120665.233301
Easy to order the correct part for our clothes washer and arrived within a couple days as promised. Fit perfectly the first time and not parts left over when complete. Still running strong.  Thank you,5,Bryan Smithrim,Positive,1745120665.233549
Easy process with helpful customer service. Prices were great as well,5,George Theodorou,Positive,1745120665.233703
"Our dryer in the rental house was leaving clothes damp, so we replaced the heating element. It‚Äôs been a month, and it‚Äôs been working great with no issues. The part was affordable, and the install wasn‚Äôt too bad. Happy guests mean fewer complaints for us.",5,NG,Positive,1745120665.2339861
I purchased a Whirlpool Dishwasher Lower Spray Arm. The part arrived quickly and it took me about 5 minutes to install.  This fixed a leaking problem I had for a few weeks.,5,Shereen Ghobrial,Positive,1745120665.2342012
"The door seal came in a sturdy box, so it wasn‚Äôt bent or damaged. It‚Äôs nice to see they care about how parts are shipped.",4,Sophia J,Positive,1745120665.234383
"I was skeptical about non-OEM parts, but the belt I ordered feels just as good as the original. It‚Äôs been working perfectly for a few weeks now.",5,William Ramsbury,Positive,1745120665.234574
Fixing my dryer instead of replacing it saved me so much money. The heating element I ordered was easy to install and works perfectly. Now the dryer runs quieter and dries faster than before. I‚Äôm glad I didn‚Äôt just toss it.,5,Harper,Positive,1745120671.030443
"The website made it simple to find the right water pump for my washer. I liked that they listed compatible models clearly, it saved me from ordering the wrong thing.",4,ZB,Positive,1745120671.0306702
The contractor discounts make a big difference for my repair business. It‚Äôs rare to find quality parts at such reasonable prices. My clients trust me more when I can offer affordable solutions. I‚Äôve recommended this supplier to others in my field.,5,Logan Ashworth,Positive,1745120671.030964
I ordered a replacement temperature control for my fridge. It's been over a year and is still working. Great Service.,5,Destry ‚ÄúDiefzilla‚Äù Diefenbach,Positive,1745120671.031179
"I‚Äôve had a hard time finding parts for my older washer, but they had exactly what I needed. So glad I didn‚Äôt have to buy a whole new machine.",5,Elijah,Positive,1745120671.0313869
"My washer wouldn‚Äôt drain, so I ordered a new pump from here. It arrived faster than I thought and wasn‚Äôt too hard to install, though the instructions were a bit basic. Machine‚Äôs working great now, so no complaints.",5,LT,Positive,1745120671.031639
"I was impressed by the minimal packaging when my order arrived. It wasn‚Äôt loaded with unnecessary plastic, which I appreciated. Everything was secure, and the part worked perfectly. It‚Äôs nice to see a company being mindful about waste.",4,Charlotte T,Positive,1745120671.031914
"The delivery arrived a day later than expected, but it wasn‚Äôt a huge deal. Everything else about the process was smooth.",5,Nathaniel Winslow,Positive,1745120671.032099
"My fridge wasn‚Äôt making ice for weeks, and it was driving me crazy. Ordered the replacement kit, and it worked like a charm once I got it installed. Ice production is back to normal, and I couldn‚Äôt be happier.",5,Mia,Negative,1745120671
The phone rep walked me through the whole process of finding the right gasket for my dishwasher. I was so relieved not to guess and risk ordering the wrong part.,5,KN,Negative,1745120671.0325382
"The door gasket on my fridge was cracked, so I replaced it with one from this site. The fit was perfect, and it‚Äôs keeping the cool air in now. Super easy to install and worth the price.",5,Grace S,Positive,1745120671.0327659
"The tracking link was accurate, and I could see every step. It made the whole process stress-free since I knew when to expect it.",5,Daniel Ridgely,Positive,1745120671.032951
"I hit a snag installing the new thermostat in my fridge. The part came with basic instructions, but I had to look up a video for the tricky parts. Once I figured it out, it worked perfectly. It was frustrating at first, but it felt so good to fix it myself.",5,Oliver,Positive,1745120671.0332391
"Fast Delivery and cheapest I could find for an OEM dryer Motor.  Thanks, partsofcanada.com",5,Rob Petherick,Positive,1745120671.033408
"The website had a guide for installing the heating element I bought, and it was super helpful. It made the process way less intimidating.",5,HC,Positive,1745120671.033587
"Paid for expedited shipping, and my part showed up the very next day. Definitely worth it when you need your appliance fixed ASAP.",5,Emma V,Positive,1745120671.0337632
"As a repair tech, I need parts that are quick and straightforward to install. These components always fit perfectly, which saves me time and hassle on the job. My clients are happy with how their appliances work after repairs. I‚Äôve been ordering from here for years now.",4,Alexander Drayton,Positive,1745120671.034046
"My washing machine was shaking the whole house, so I ordered new drum bearings. They arrived quickly, and the noise is gone now. It‚Äôs so much better to do laundry without that racket.",4,Ava,Positive,1745120671.034271
"The new gasket for my fridge made such a difference. It‚Äôs sealing properly now, and the fridge doesn‚Äôt run constantly anymore. I feel like I‚Äôm saving on energy bills without even trying. It‚Äôs the little things that make repairs worth it.",4,MK,Positive,1745120671.034525
"It‚Äôs hard to find parts for my 15-year-old fridge, but this site had exactly what I needed. The gasket arrived quickly and fit perfectly. The repair was straightforward, and it‚Äôs cooling like it did when I first got it. I‚Äôm amazed it‚Äôs still going strong.",4,Hannah F,Positive,1745120671.034792
"I had to wait a couple of weeks for a part to come back in stock. Once it was available, shipping was quick, so I didn‚Äôt mind too much.",5,Gabriel Wexler,Positive,1745120676.9237099
"I thought my old fridge was done for, but I decided to give repairs a shot. The thermostat replacement was hard to find, but this site had it. Installing it wasn‚Äôt too bad, and now the fridge works better than it has in years. Saved me the hassle of buying a whole new appliance.",5,Matthew,Negative,1745120676.924034
"My dryer was barely heating, so I replaced the element with one from this site. Took a little patience to get everything in place, but it‚Äôs working perfectly now. Clothes dry fast, and I don‚Äôt have to run multiple cycles anymore.",4,NC,Positive,1745120676.9243689
"My dishwasher racks were rusty and hard to slide, so I ordered replacements. The new ones are smooth and glide effortlessly. It feels like a brand-new appliance now.",4,Abigail P,Positive,1745120676.924599
"My dishwasher quit right before a big family gathering, and I was in a panic. The replacement pump arrived in two days, just in time. Installation wasn‚Äôt hard, and it fixed the issue right away. The dishwasher handled all the party dishes without a hitch.",5,Samuel Hawkes,Positive,1745120676.924884
"My fridge wasn‚Äôt cooling properly, and a friend suggested replacing the thermostat. Found the right part here, and it fixed the issue instantly. I didn‚Äôt even know it could be that simple.",5,Thomas,Positive,1745120676.925121
Replacing the drain pump on my dishwasher wasn‚Äôt as hard as I thought. The part fit perfectly and came with decent instructions. I‚Äôm relieved to have the dishwasher draining properly again.,4,Scarlett Y,Positive,1745120676.9255512
Was able to get an inexpensive defrosting pad from Parts of Canada that was not terribly difficult to install and completely solved the frosting problem with the ice maker in our Samsung refrigerator. Had previously installed a different solution from Parts of Canada that fixed a frosting problem with the condenser that has also proved to be a reliable fix.,5,LINDSEY BOTELER,Positive,1745120676.925823
"Competitor prices were almost twice that of Canada Parts for the replacement control board for my Whirlpool fridge. For anyone buying a replacement board, don't worry about the programming note, it takes 2 minutes, requires no tools, and is very well described on the instructions. Second part for the fridge that I've ordered through this site and all has gone well. Got it really fast during the Canada Post Strike - arrived at my door within 3 working days. 10/10, you guys have dialed in your supply chains!!!",5,Jonno Kettle,Positive,1745120676.9262788
"I had to wait a while for the heating element to come back in stock, but they emailed me as soon as it was available. Glad I didn‚Äôt have to search elsewhere.",4,Lucas Abernathy,Positive,1745120676.926486
"It‚Äôs great that they offer options for different appliance brands. I‚Äôve bought parts for both my washer and fridge from here, and they all fit perfectly.",5,Olivia,Positive,1745120676.926694
"With three kids, our washer gets used constantly, and when it broke, I panicked. I found the right pump here, and it arrived quickly. It wasn‚Äôt too hard to install, and now it‚Äôs working like new again. Really happy to avoid spending money on a new machine.",5,BT,Positive,1745120676.926985
Recently purchased a replacement pump for my washer and am very pleased with the product and service.  Pump came exactly as promised and worked great.  Definitely use Parts of Canada again.,5,Harvey Viteychuk,Positive,1745120676.927211
"With three kids, our washer gets used constantly, and when it broke, I panicked. I found the right pump here, and it arrived quickly. It wasn‚Äôt too hard to install, and now it‚Äôs working like new again. Really happy to avoid spending money on a new machine.",5,BT,Positive,1745120676.927497
The parts I ordered for my dishwasher were a perfect fit and feel durable. I like knowing I won‚Äôt have to replace them anytime soon. It‚Äôs a win for my wallet and the environment. Repairing instead of replacing feels like the better choice.,4,Lily G,Positive,1745120676.9277818
I bought a broiler igniter for my Frigidaire oven on Aug/24 and was very impressed with the product. It arrived on time and it was exactly as advertised. The electrical connection was a perfect match.,5,Glenn warkentin,Positive,1745120676.928004
"The part was for my Whirlpool Range Oven, Membrane Switch, Black OEM - WPW10207933The part came fast, affordable, and it was easy to install, was able to do it myself.. 100% satisfiedIt has been 4 months now since installing. The part I received for my oven is still working perfectly.",5,Jake Waldner,Positive,1745120676.9282901
"I ordered Samsung Refrigerator Defrost Booster Complete Repair Kit - ER11-00177C. The quality of the product, the instructional video on how to install it were very clear. The shipping of the product was smooth. Good customer support. I liked the product as it resolved a defrosting issue with my refrigerator. I shared the product with all members in a community group who has same issue. Thank you for the very helpful product and the support you provided",5,Uday P,Positive,1745120676.9286652
The parts I ordered for my dishwasher were a perfect fit and feel durable. I like knowing I won‚Äôt have to replace them anytime soon. It‚Äôs a win for my wallet and the environment. Repairing instead of replacing feels like the better choice.,5,Lily G,Positive,1745120676.928912
I bought the OEM for my oven and it worked like a charm. .No more messing around with universal parts from Amazon.,5,Pat,Positive,1745120676.929066
Order the oven element arrived on time and works perfect highly recommend don't remember the exact date but it is almost few months,5,Arash Jooya,Positive,1745120682.9837031
I bought a replacement burner for my Samsung stove back in August and it was a perfect fit. My part was easy to find on the site and came quickly and was the best price I could find. Thanks! Will order again.,5,Jeremy Kiers,Positive,1745120682.984017
"I loved that the site included tips for recycling my old parts. It‚Äôs something I hadn‚Äôt thought much about before. The new gasket worked great, and I didn‚Äôt feel bad about tossing the old one. Little details like that make me trust this company more.",5,Mason Larkins,Positive,1745120682.9843369
"My dishwasher door was leaking badly, so I got a new seal. It fit perfectly and stopped the leaks completely. Installation was straightforward, and the price was reasonable.",5,Ella,Positive,1745120682.9845781
"Process was easy, fast shipping, product came as stated brand new, and it worked extremely well for my fridge rad fan motor replacement. Thank you, fridge is still kicking as we speak lol",5,michael parr,Positive,1745120683
First deal with Parts of Canada was about a year ago.Have a Samsung fridge that had a number of issues. First was the main cooling unit freezing up to a big block of ice. Looked at fixes & the Parts of Canada kit looked like the best chance to fix the issue. It has work flawless since installing their solution for the problem.  This fridge also had an ice maker that was basically useless. Would freeze up every couple of weeks. I tried every suggested fix the internet & Samsung had for this problem. Got it to a point of lasting longer ( maybe a month between having to thaw it out ). Parts of Canada came up with a fix for the problem this past summer.  I installed the kit in about 3 to 4 months ago & still no sign of any ice buildup in the unit. I finally like my fridge thanks to Parts of Canada.,5,Dennis,Positive,1745120682.985517
The part arrived on time and was an exact fit to my solution. The part was difficult to locate but they had the one I needed and at a fair price.,5,Seth W.,Positive,1745120682.985725
"Excellent company, exactly the product I needed.  Problem solvers!!!  They had the unique parts to make my Samsung fridge and ice maker functional and reliable again!",5,SJ,Positive,1745120682.985976
"Our washer gets used daily, so when it broke, we needed a quick solution. Found the right part on this site, and it arrived super fast. Installation took less than an hour, and it‚Äôs working like new. Hopefully, it‚Äôll last us a good while.",4,James Haverford,Positive,1745120683
"I picked up a second-hand fridge, but it needed a little work to get running. Ordered a gasket and a thermostat from here, and they both fit perfectly. Now it‚Äôs working like a brand-new appliance. Great way to save money without sacrificing quality.",5,KC,Positive,1745120682.986558
"I‚Äôve never fixed an appliance before, but I gave it a shot with my washer‚Äôs agitator. The part came fast, and swapping it out was easier than I expected. It works perfectly now, and I‚Äôm feeling pretty proud. This definitely gave me confidence to try more repairs.",4,Charlotte B,Positive,1745120682.986848
"The new belt I ordered for my dryer fit perfectly. It took some time to install, but it‚Äôs been running flawlessly ever since. Clothes dry faster, and there‚Äôs no squeaking anymore.",4,FT,Positive,1745120682.9870842
"After fixing my fridge with a new gasket, I noticed it doesn‚Äôt run as much anymore. It‚Äôs keeping things colder with less effort, which has to be saving energy. The part was a great fit, and it was easy to swap out. I feel good knowing it‚Äôs running more efficiently now.",4,Henry L,Positive,1745120682.9873831
Do not buy from this company. This company is a scam. Completely dishonest. Ordered a part and it was broken. They tried to make me pay return shipping and charge me a restocking fee on a broken part they sent. After a month of back and forth they agreed to refund me. I sent the broken part back and then they refused to refund me. After another 2 weeks they said they refunded me and that was a total lie. Had to file a chargeback with Visa. Stay away from this shady company.,1,Peter van der Valk,Negative,1745120682.987875
"The website makes it easy to match parts by entering the appliance model. It took the guesswork out of ordering, which I really appreciated.",4,Amelia Quimby,Positive,1745120682.988066
"My pump arrived damaged, but they sent me a replacement without any hassle. I appreciate how quickly they resolved the issue.",4,Jack,Positive,1745120682.988249
The pump I ordered for my dishwasher feels solid and well-made. It‚Äôs refreshing to find parts that seem built to last. Fixing it instead of replacing the appliance was definitely the right move. Less waste and more money saved.,4,Emily R,Positive,1745120682.988534
"Great service!!! Answered my questions very quickly, FAST shipping, I will definitely order again.",5,Dean,Positive,1745120682.988734
"I replaced the gasket on my refrigerator door, and it made a huge difference. No more condensation building up or uneven cooling. Definitely worth the effort, and it looks like it‚Äôll last a while.",5,Sophia,Positive,1745120682.988967
"My dryer lint filter had been cracked for ages, and I finally replaced it. The new one fits perfectly and actually seems to catch more lint than the old one. Should‚Äôve done this sooner, it‚Äôs such a small thing but makes a big difference.",4,LN,Positive,1745120682.989228
"Bought a heating element for my dryer, and it‚Äôs like new again. Installation was a bit of a hassle, but it works perfectly now. The heat is consistent, and clothes dry in half the time they used to.",4,Isabella W,Positive,1745120688.9480052
"Sent a message through chat, and someone replied almost instantly. They confirmed compatibility for me, which was a huge help.",4,Oliver Gainsborough,Positive,1745120688.948212
,5,abdel malek,Neutral,1745120688.948305
"I ordered the wrong part, but the return process was painless. Got my refund quickly, and I reordered the correct one without any issues.",4,RC,Negative,1745120688.948493
"Great prices, clear what is in stock and very fast shipping. I will be back for sure!",5,Dominic Caranci,Positive,1745120688.948656
"My fridge was acting up, and replacing the thermostat fixed everything. It‚Äôs cooling like it‚Äôs brand-new again. Part arrived in just a couple of days, which was a huge relief.",4,Mia D,Positive,1745120688.9488971
"Ordered wrong part in my Cart, called, emailed right away. No Problem! Can't stop order as it's in Process? I paid the extra $40 for 3 day shipping, took 2 weeks. So the easy Return policy cost's $40 shipping, plus another $20 to ship to different location, then 25% Restocking Fee on All returns,which you have to ask several times to get that information. The parts came from Ontario, not BC, or Alberta",1,Dan Judson,Positive,1745120688.949314
"Replacing the control board in my washer was a lot harder than I expected. I didn‚Äôt realize how many wires were involved. The part was perfect, though, and it worked like a charm once I got it in. Next time, I‚Äôll plan for more time.",5,Noah Hensleigh,Positive,1745120689
"The installation video they linked was so helpful for fixing my dryer. I‚Äôve never done anything like this before, but the instructions made it doable. The heating element fit perfectly and worked right away. I‚Äôm feeling more confident about tackling future repairs.",4,Liam,Positive,1745120688.949902
The control board I got was a perfect fit and feels just as solid as the original. It‚Äôs been working flawlessly for a month now.,4,JS,Positive,1745120688.9500968
"These parts make my job as a tech so much easier. Everything fits right the first time, which saves me a ton of headaches. My customers are always impressed with how fast I can get their appliances running again. It‚Äôs a win for everyone.",4,Ava S,Positive,1745120688.950952
"The lid switch for my washing machine was super simple to swap out. I didn‚Äôt realize how much I relied on the machine until it broke, but this part got it back in action fast. Price was fair, and shipping was quicker than I expected.",4,Emma Calloway,Positive,1745120688.9512231
I was really happy with the customer service. The part came quickly and worked on my model of frig. The cost seemed reasonable considering that my option was a whole new frig. I will keep Parts of Canada in mind when ordering appliance parts.,4,Bruce Ward,Positive,1745120688.9514859
"I ordered 2 glow rods for my viking oven that finally worked. I tried buying knock-off part from another online vendor and those parts failed within days. I bought the high quality parts from Parts of Canada and I noticed a quality difference immediately. I will only buy from these guys now. Process was easy and shipping time was as expected, it's a professional organization.",5,Mark Beaudry,Positive,1745120688.951812
,5,Dustin,Neutral,1745120688.951895
"Ordered fridge control board, great price, quick delivery and the replacement part works perfectly.",5,Malcolm Raven,Positive,1745120688.9520168
I have an older exhaust fan and looked everywhere for a new motor. Parts of Canada were the only ones to carry it and delivered it within a few days. Great service from start to finish.,5,Michael Barreto,Positive,1745120688.952214
Website was easy to navigate. Part arrived quickly and was accurate to description. Installed easily and works well.,5,James McGuigan,Positive,1745120688.952394
"Great experience with parts of Canada! One look at the little lights extracted from the range hood, and they were able to get the proper replacements. Representative took the extra care to re-check the replacement against the original. No second order was required.",5,Victoria Ahand,Positive,1745120688.952655
I have a great experience with Alex at parts of Canada  Ltd . Customer service was so helpful and patience with my inquiry on a purchase of a drain pump for my washing machine . They advised me on how to install it and when I got home followed his instructions and was so easy to replace it. Thanks so much.,5,Richard Ames,Positive,1745120688.952922
"john at parts of Canada was excellent at examining my ~15 year refrigerator and quickly helped me find a replacement part that fits my needs . He even checked compatibility , so I was confident when ordering from the store. Great customer service.",5,Nicole Ramajo,Positive,1745120695
They have the best price in canada and excellent customer service. John was the sales rep who helped me and he was extremely helpful and kind. Best experience ever. Nice to have welcoming people like that in customer service.,5,Amelia Awerd,Positive,1745120695.012646
Alex was so helpful! He explained and helped me the part I needed to fix my oven. Came back the next day and he  got the right part for me. Great experience. Will definitely go back and strongly recommend.,5,Matthew Rodriges,Positive,1745120695.0129821
Had a fantastic experience. Alex was great with service and Eli helped me out with giving some very fair prices. The products are solid and you can rely on the people at parts of Canada ltd for their service.Thanks for a great experience parts of Canada. I'll be back üòäüëç,5,Polina Roit,Positive,1745120695.013294
I have ordered G.E Washer Power Control Board Assembly for one of my customers and it worked perfectly as expected. It saved a lot of our time in finding parts on local stores and saved money on burning gas lol,5,Junaid Nisar,Positive,1745120695.013516
"Horrible untrustworthy company. Terrible customer service. ""Hassle free"" return policy is a complete lie. Do not walk from this company...run as fast as you can.",1,B.C.,Negative,1745120695.013765
Beware of this company. These people are scammers. They sent a broken part and tried to charge me for return shipping and restock fee on the broken part they sent. After 2 weeks of trying to get some customer service they agreed to refund me if I sent the part back. When they got the part back they refused to refund me. Now I have to deal with a chargeback with my credit card company. These people are straight crooks. DO NOT ORDER FROM THIS SHAM COMPANY,1,Benny,Negative,1745120695.014206
"This company is a scam. Do not do business with them. I purchased a part for nearly $300 and realized it was the wrong part before opening the box. They gave me the runaround and refused to refund the cost, with me paying shipping. Avoid this company at all costs.",1,J Corich,Negative,1745120695.0145202
these guys helped me find the part i need and provided exellent customer service!Thank you !,5,wmccallum,Neutral,1745120695.0146601
"Be careful ordering parts from this company. The ""No Hassle Return Policy"" is not hassle-free. I ordered an Icemaker and no longer needed it. The customer support gave me a huge runaround.This company will never refund, only exchange, even it is new in the box.",1,Andrei Volintiru,Positive,1745120695.014933
"Don‚Äôt make a mistake at all because you can‚Äôt return anything. Even if all you did was look at it and left it in the box. Then they tried to tell me which part I needed, which would have also been wrong. So I would have been double screwed. I also had made an order previously and then cancelled it as I fixed the issue. I had ordered and canceled 10 minutes later. They told me it would take up to 15 business days. We are not at 20 days or so, with no return. Now I have to go chase them down for it again. I do not at all recommend this company. They don‚Äôt deserve your money.",1,Diez,Negative,1745120695.015508
Cant give a low enough.  Dont waste your money.  They claim all parts are in stock then call and tell you they are on backorder.  Cancelled order and been waiting for a refund for months.  Customer service is useless.  Fraudulant company.  Order from trusted companies not this one,1,Brian Anstey,Negative,1745120695.0158741
My order placement and half delivery experience was flawless today. Alex was excellent and provided me with some really helpful guidance. My ten-year old Machine was easily fitted with the Speedy Arrival of my motor. You may Trust them for both because of the dependability of their products. Thanks your team,5,Ryder Kingston,Positive,1745120695.016185
"This is an Amazing place. Everything i need is always there, sometimes even immediately. These parts have helped me fix theree appliances. Not overly expensive either. Thank you so much",5,Declan Rowan,Positive,1745120695.0164511
"Had a fantastic experience ordering and receiving my part today. Alex was great and helped me out with giving some very helpful tips. The products are solid and you can rely on their products and for their service, my motor arrived quickly and installed easily on 10 year old machine.Thanks for a great experience Parts of Canada Ltd, will be purchasing in the future",5,appliances Repair,Positive,1745120695.0167522
Don't waste your time. I ordered a heating element for a stove and they sent me a part that was missing the terminals completely. They send parts that are damaged and not new. After requiring the cost of shipping for the product and fees and shipping for the return you basically pay for most of the item and get nothing.,1,Shooter McGavin,Positive,1745120695
Still waiting for a refund for a part they said was in stock but then called to say was obsolete. it has been a month and no refund as yet even though I have the cancellation email.,1,Philip Vaughan,Neutral,1745120695.0171971